date_id,date,year,month,day,time
1201,2025-08-10 16:18:41.980391,2025,8,10,16:18:41.980391
1202,2025-08-10 09:39:04.478261,2025,8,10,09:39:04.478261
1203,2025-08-10 15:08:40.502923,2025,8,10,15:08:40.502923
1204,2025-08-10 23:21:33.566734,2025,8,10,23:21:33.566734
1205,2025-08-10 21:18:05.447078,2025,8,10,21:18:05.447078
1206,2025-08-10 09:21:25.073618,2025,8,10,09:21:25.073618
1207,2025-08-10 22:17:38.537978,2025,8,10,22:17:38.537978
1208,2025-08-10 04:38:45.242857,2025,8,10,04:38:45.242857
1209,2025-08-10 02:43:29.976002,2025,8,10,02:43:29.976002
1210,2025-08-10 22:30:47.826928,2025,8,10,22:30:47.826928
1211,2025-08-10 02:18:11.822759,2025,8,10,02:18:11.822759
1212,2025-08-10 05:30:01.554667,2025,8,10,05:30:01.554667
1213,2025-08-10 12:55:01.693715,2025,8,10,12:55:01.693715
1214,2025-08-10 10:14:25.005136,2025,8,10,10:14:25.005136
1215,2025-08-10 15:13:31.985595,2025,8,10,15:13:31.985595
1216,2025-08-10 18:14:18.668460,2025,8,10,18:14:18.668460
1217,2025-08-10 15:12:51.952619,2025,8,10,15:12:51.952619
1218,2025-08-10 00:55:00.675655,2025,8,10,00:55:00.675655
1219,2025-08-10 10:27:55.853667,2025,8,10,10:27:55.853667
1220,2025-08-10 15:49:07.699269,2025,8,10,15:49:07.699269
1221,2025-08-10 22:16:04.171322,2025,8,10,22:16:04.171322
1222,2025-08-10 06:04:48.363196,2025,8,10,06:04:48.363196
1223,2025-08-10 02:32:50.230544,2025,8,10,02:32:50.230544
1224,2025-08-10 00:48:18.571201,2025,8,10,00:48:18.571201
1225,2025-08-10 08:48:57.964623,2025,8,10,08:48:57.964623
1226,2025-08-10 07:28:17.321839,2025,8,10,07:28:17.321839
1227,2025-08-10 22:56:46.237396,2025,8,10,22:56:46.237396
1228,2025-08-10 10:03:21.070402,2025,8,10,10:03:21.070402
1229,2025-08-10 02:24:03.808215,2025,8,10,02:24:03.808215
1230,2025-08-10 12:49:30.379278,2025,8,10,12:49:30.379278
1231,2025-08-10 14:21:44.718815,2025,8,10,14:21:44.718815
1232,2025-08-10 16:08:55.249671,2025,8,10,16:08:55.249671
1233,2025-08-10 15:57:01.542050,2025,8,10,15:57:01.542050
1234,2025-08-10 09:03:49.154005,2025,8,10,09:03:49.154005
1235,2025-08-10 02:56:25.671835,2025,8,10,02:56:25.671835
1236,2025-08-10 11:55:15.760300,2025,8,10,11:55:15.760300
1237,2025-08-10 00:30:24.683316,2025,8,10,00:30:24.683316
1238,2025-08-10 17:40:42.000846,2025,8,10,17:40:42.000846
1239,2025-08-10 05:21:05.725050,2025,8,10,05:21:05.725050
1240,2025-08-10 11:44:28.427977,2025,8,10,11:44:28.427977
1241,2025-08-10 05:31:29.939024,2025,8,10,05:31:29.939024
1242,2025-08-10 10:13:52.479995,2025,8,10,10:13:52.479995
1243,2025-08-10 22:42:41.095196,2025,8,10,22:42:41.095196
1244,2025-08-10 09:39:20.379458,2025,8,10,09:39:20.379458
1245,2025-08-10 02:57:00.229205,2025,8,10,02:57:00.229205
1246,2025-08-10 09:45:53.230433,2025,8,10,09:45:53.230433
1247,2025-08-10 08:04:11.345717,2025,8,10,08:04:11.345717
1248,2025-08-10 03:48:14.785969,2025,8,10,03:48:14.785969
1249,2025-08-10 02:52:38.717937,2025,8,10,02:52:38.717937
1250,2025-08-10 10:32:47.911183,2025,8,10,10:32:47.911183
1251,2025-08-10 02:25:21.600922,2025,8,10,02:25:21.600922
1252,2025-08-10 09:12:33.111553,2025,8,10,09:12:33.111553
1253,2025-08-10 20:13:27.712630,2025,8,10,20:13:27.712630
1254,2025-08-10 00:40:24.432517,2025,8,10,00:40:24.432517
1255,2025-08-10 02:11:51.074719,2025,8,10,02:11:51.074719
1256,2025-08-10 17:41:11.151018,2025,8,10,17:41:11.151018
1257,2025-08-10 09:59:54.511769,2025,8,10,09:59:54.511769
1258,2025-08-10 20:38:25.693120,2025,8,10,20:38:25.693120
1259,2025-08-10 10:57:50.529244,2025,8,10,10:57:50.529244
1260,2025-08-10 06:58:18.172908,2025,8,10,06:58:18.172908
1261,2025-08-10 17:11:30.718989,2025,8,10,17:11:30.718989
1262,2025-08-10 06:52:26.306579,2025,8,10,06:52:26.306579
1263,2025-08-10 16:26:17.177909,2025,8,10,16:26:17.177909
1264,2025-08-10 15:30:23.457899,2025,8,10,15:30:23.457899
1265,2025-08-10 00:29:18.421681,2025,8,10,00:29:18.421681
1266,2025-08-10 04:23:24.461021,2025,8,10,04:23:24.461021
1267,2025-08-10 10:40:15.677531,2025,8,10,10:40:15.677531
1268,2025-08-10 17:28:07.189723,2025,8,10,17:28:07.189723
1269,2025-08-10 02:50:38.925652,2025,8,10,02:50:38.925652
1270,2025-08-10 23:37:27.955835,2025,8,10,23:37:27.955835
1271,2025-08-10 00:21:13.529685,2025,8,10,00:21:13.529685
1272,2025-08-10 05:22:00.822219,2025,8,10,05:22:00.822219
1273,2025-08-10 11:30:20.528013,2025,8,10,11:30:20.528013
1274,2025-08-10 23:10:00.340275,2025,8,10,23:10:00.340275
1275,2025-08-10 18:23:30.813353,2025,8,10,18:23:30.813353
1276,2025-08-10 04:19:13.564880,2025,8,10,04:19:13.564880
1277,2025-08-10 07:27:27.632034,2025,8,10,07:27:27.632034
1278,2025-08-10 19:57:44.702217,2025,8,10,19:57:44.702217
1279,2025-08-10 15:59:28.993984,2025,8,10,15:59:28.993984
1280,2025-08-10 19:50:28.242708,2025,8,10,19:50:28.242708
1281,2025-08-10 22:31:46.805749,2025,8,10,22:31:46.805749
1282,2025-08-10 05:23:39.350247,2025,8,10,05:23:39.350247
1283,2025-08-10 22:26:02.663753,2025,8,10,22:26:02.663753
1284,2025-08-10 20:06:36.450676,2025,8,10,20:06:36.450676
1285,2025-08-10 17:00:33.208915,2025,8,10,17:00:33.208915
1286,2025-08-10 14:54:34.060761,2025,8,10,14:54:34.060761
1287,2025-08-10 20:39:15.869006,2025,8,10,20:39:15.869006
1288,2025-08-10 14:17:57.834512,2025,8,10,14:17:57.834512
1289,2025-08-10 15:21:25.341435,2025,8,10,15:21:25.341435
1290,2025-08-10 08:52:01.895416,2025,8,10,08:52:01.895416
1291,2025-08-10 07:05:54.833882,2025,8,10,07:05:54.833882
1292,2025-08-10 04:04:14.668078,2025,8,10,04:04:14.668078
1293,2025-08-10 15:34:23.934737,2025,8,10,15:34:23.934737
1294,2025-08-10 02:49:20.753011,2025,8,10,02:49:20.753011
1295,2025-08-10 21:43:45.491844,2025,8,10,21:43:45.491844
1296,2025-08-10 11:00:53.781836,2025,8,10,11:00:53.781836
1297,2025-08-10 02:03:07.093476,2025,8,10,02:03:07.093476
1298,2025-08-10 11:50:13.693257,2025,8,10,11:50:13.693257
1299,2025-08-10 18:32:20.446029,2025,8,10,18:32:20.446029
1300,2025-08-10 16:22:05.912887,2025,8,10,16:22:05.912887
